english_word,category
abandonment,슬픔/비탄 (Sadness/Grief)
abashed,수치/죄책감 (Shame/Guilt)
abhor,혐오/경멸 (Disgust/Contempt)
abhorrence,혐오/경멸 (Disgust/Contempt)
abhorrent,혐오/경멸 (Disgust/Contempt)
abrupt,놀라움/당황 (Surprise/Bewilderment)
abruptness,놀라움/당황 (Surprise/Bewilderment)
absentminded,중립/인지 (Neutral/Cognitive)
absorbed,중립/인지 (Neutral/Cognitive)
absorbing,중립/인지 (Neutral/Cognitive)
absurd,중립/인지 (Neutral/Cognitive)
absurdity,중립/인지 (Neutral/Cognitive)
absurdness,중립/인지 (Neutral/Cognitive)
acceptance,중립/인지 (Neutral/Cognitive)
accepted,중립/인지 (Neutral/Cognitive)
accepting,중립/인지 (Neutral/Cognitive)
accuse,중립/인지 (Neutral/Cognitive)
accused,중립/인지 (Neutral/Cognitive)
accusing,중립/인지 (Neutral/Cognitive)
ache,슬픔/비탄 (Sadness/Grief)
achieve,기쁨 (Joy/Happiness)
achievement,기쁨 (Joy/Happiness)
aching,슬픔/비탄 (Sadness/Grief)
active,중립/인지 (Neutral/Cognitive)
admiration,존경/감탄 (Admiration/Gratitude)
admire,존경/감탄 (Admiration/Gratitude)
admiring,존경/감탄 (Admiration/Gratitude)
adorable,사랑/애정 (Love/Affection)
adoration,사랑/애정 (Love/Affection)
adore,사랑/애정 (Love/Affection)
adoring,사랑/애정 (Love/Affection)
affected,중립/인지 (Neutral/Cognitive)
affection,사랑/애정 (Love/Affection)
affectionate,사랑/애정 (Love/Affection)
afraid,두려움/불안 (Fear/Anxiety)
aggravating,분노/짜증 (Anger/Irritation)
aggressive,분노/짜증 (Anger/Irritation)
agitated,중립/인지 (Neutral/Cognitive)
agitation,중립/인지 (Neutral/Cognitive)
agonize,슬픔/비탄 (Sadness/Grief)
agonizing,슬픔/비탄 (Sadness/Grief)
agony,슬픔/비탄 (Sadness/Grief)
agreeable,사랑/애정 (Love/Affection)
agreeableness,사랑/애정 (Love/Affection)
alarm,두려움/불안 (Fear/Anxiety)
alarmed,두려움/불안 (Fear/Anxiety)
alarming,두려움/불안 (Fear/Anxiety)
alert,중립/인지 (Neutral/Cognitive)
alertness,중립/인지 (Neutral/Cognitive)
amazed,기쁨 (Joy/Happiness)
amazement,기쁨 (Joy/Happiness)
amazing,기쁨 (Joy/Happiness)
ample,존경/감탄 (Admiration/Gratitude)
amused,기쁨 (Joy/Happiness)
amusement,기쁨 (Joy/Happiness)
amusing,기쁨 (Joy/Happiness)
anger,분노/짜증 (Anger/Irritation)
angry,분노/짜증 (Anger/Irritation)
anguish,슬픔/비탄 (Sadness/Grief)
anguished,슬픔/비탄 (Sadness/Grief)
animosity,분노/짜증 (Anger/Irritation)
annoyance,분노/짜증 (Anger/Irritation)
annoyed,분노/짜증 (Anger/Irritation)
annoying,분노/짜증 (Anger/Irritation)
antagonism,분노/짜증 (Anger/Irritation)
antagonize,분노/짜증 (Anger/Irritation)
anticipate,갈망/그리움 (Desire/Longing)
antipathy,혐오/경멸 (Disgust/Contempt)
anxiety,두려움/불안 (Fear/Anxiety)
anxious,두려움/불안 (Fear/Anxiety)
anxiousness,두려움/불안 (Fear/Anxiety)
apathetic,중립/인지 (Neutral/Cognitive)
apathy,중립/인지 (Neutral/Cognitive)
apologetic,수치/죄책감 (Shame/Guilt)
apology,수치/죄책감 (Shame/Guilt)
appalled,혐오/경멸 (Disgust/Contempt)
appalling,혐오/경멸 (Disgust/Contempt)
appreciate,존경/감탄 (Admiration/Gratitude)
appreciating,존경/감탄 (Admiration/Gratitude)
appreciation,존경/감탄 (Admiration/Gratitude)
apprehend,중립/인지 (Neutral/Cognitive)
apprehension,두려움/불안 (Fear/Anxiety)
apprehensive,두려움/불안 (Fear/Anxiety)
approval,존경/감탄 (Admiration/Gratitude)
approve,존경/감탄 (Admiration/Gratitude)
approving,존경/감탄 (Admiration/Gratitude)
ardent,자부심/자신감 (Pride/Confidence)
arduous,중립/인지 (Neutral/Cognitive)
argumentative,분노/짜증 (Anger/Irritation)
arrogance,자부심/자신감 (Pride/Confidence)
arrogant,자부심/자신감 (Pride/Confidence)
ashamed,수치/죄책감 (Shame/Guilt)
aspire,갈망/그리움 (Desire/Longing)
aspiring,갈망/그리움 (Desire/Longing)
assessing,중립/인지 (Neutral/Cognitive)
assessment,중립/인지 (Neutral/Cognitive)
assured,자부심/자신감 (Pride/Confidence)
assuring,자부심/자신감 (Pride/Confidence)
astonished,놀라움/당황 (Surprise/Bewilderment)
astonishment,놀라움/당황 (Surprise/Bewilderment)
astounded,놀라움/당황 (Surprise/Bewilderment)
astounding,놀라움/당황 (Surprise/Bewilderment)
astoundment,놀라움/당황 (Surprise/Bewilderment)
astringent,중립/인지 (Neutral/Cognitive)
attached,사랑/애정 (Love/Affection)
attachment,사랑/애정 (Love/Affection)
attack,중립/인지 (Neutral/Cognitive)
attacked,중립/인지 (Neutral/Cognitive)
attainment,중립/인지 (Neutral/Cognitive)
attracted,중립/인지 (Neutral/Cognitive)
attracting,중립/인지 (Neutral/Cognitive)
attraction,중립/인지 (Neutral/Cognitive)
avarice,중립/인지 (Neutral/Cognitive)
avaricious,중립/인지 (Neutral/Cognitive)
aversion,혐오/경멸 (Disgust/Contempt)
avoid,혐오/경멸 (Disgust/Contempt)
aware,중립/인지 (Neutral/Cognitive)
awe,존경/감탄 (Admiration/Gratitude)
awe-struck,존경/감탄 (Admiration/Gratitude)
awe-struckness,존경/감탄 (Admiration/Gratitude)
awesome,존경/감탄 (Admiration/Gratitude)
awkward,놀라움/당황 (Surprise/Bewilderment)
awkwardness,놀라움/당황 (Surprise/Bewilderment)
bad-tempered,분노/짜증 (Anger/Irritation)
baffled,놀라움/당황 (Surprise/Bewilderment)
bafflement,놀라움/당황 (Surprise/Bewilderment)
baffling,놀라움/당황 (Surprise/Bewilderment)
banal,혐오/경멸 (Disgust/Contempt)
banality,혐오/경멸 (Disgust/Contempt)
bashful,수치/죄책감 (Shame/Guilt)
bashfulness,수치/죄책감 (Shame/Guilt)
be afraid,두려움/불안 (Fear/Anxiety)
be agitated,두려움/불안 (Fear/Anxiety)
be amazed,놀라움/당황 (Surprise/Bewilderment)
be angry,분노/짜증 (Anger/Irritation)
be annoyed,분노/짜증 (Anger/Irritation)
be appalled,혐오/경멸 (Disgust/Contempt)
be apprehensive,두려움/불안 (Fear/Anxiety)
be astonished,놀라움/당황 (Surprise/Bewilderment)
be aversive,혐오/경멸 (Disgust/Contempt)
be baffled,놀라움/당황 (Surprise/Bewilderment)
be bewildered,놀라움/당황 (Surprise/Bewilderment)
be broken-hearted,슬픔/비탄 (Sadness/Grief)
be captivated,존경/감탄 (Admiration/Gratitude)
be careful,중립/인지 (Neutral/Cognitive)
be caught,놀라움/당황 (Surprise/Bewilderment)
be complacent,중립/인지 (Neutral/Cognitive)
be conceited,자부심/자신감 (Pride/Confidence)
be concerned,중립/인지 (Neutral/Cognitive)
be confident,자부심/자신감 (Pride/Confidence)
be confounded,놀라움/당황 (Surprise/Bewilderment)
be content,평온/안정 (Calm/Comfort)
be convinced,자부심/자신감 (Pride/Confidence)
be cranky,분노/짜증 (Anger/Irritation)
be creepy,두려움/불안 (Fear/Anxiety)
be daunted,두려움/불안 (Fear/Anxiety)
be delighted,기쁨 (Joy/Happiness)
be depressed,슬픔/비탄 (Sadness/Grief)
be deprived,슬픔/비탄 (Sadness/Grief)
be desperate,갈망/그리움 (Desire/Longing)
be devastated,슬픔/비탄 (Sadness/Grief)
be disappointed,슬픔/비탄 (Sadness/Grief)
be discouraged,슬픔/비탄 (Sadness/Grief)
be disgusted,혐오/경멸 (Disgust/Contempt)
be disheartened,슬픔/비탄 (Sadness/Grief)
be dispirited,슬픔/비탄 (Sadness/Grief)
be disturbed,중립/인지 (Neutral/Cognitive)
be downhearted,슬픔/비탄 (Sadness/Grief)
be dumbfounded,놀라움/당황 (Surprise/Bewilderment)
be dumbstruck,놀라움/당황 (Surprise/Bewilderment)
be elated,기쁨 (Joy/Happiness)
be enamored,사랑/애정 (Love/Affection)
be encouraged,자부심/자신감 (Pride/Confidence)
be enraged,분노/짜증 (Anger/Irritation)
be enraptured,존경/감탄 (Admiration/Gratitude)
be excited,기쁨 (Joy/Happiness)
be exhilarated,기쁨 (Joy/Happiness)
be fanatic,자부심/자신감 (Pride/Confidence)
be fascinated,존경/감탄 (Admiration/Gratitude)
be flabbergasted,놀라움/당황 (Surprise/Bewilderment)
be frantic,두려움/불안 (Fear/Anxiety)
be frightened,두려움/불안 (Fear/Anxiety)
be frustrated,분노/짜증 (Anger/Irritation)
be furious,분노/짜증 (Anger/Irritation)
be fussy,분노/짜증 (Anger/Irritation)
be gleeful,기쁨 (Joy/Happiness)
be happy,기쁨 (Joy/Happiness)
be heartbroken,슬픔/비탄 (Sadness/Grief)
be hostile,분노/짜증 (Anger/Irritation)
be hurt,슬픔/비탄 (Sadness/Grief)
be indignant,분노/짜증 (Anger/Irritation)
be infuriated,분노/짜증 (Anger/Irritation)
be intimidated,두려움/불안 (Fear/Anxiety)
be irritated,분노/짜증 (Anger/Irritation)
be jealous,중립/인지 (Neutral/Cognitive)
be mad,분노/짜증 (Anger/Irritation)
be merry,기쁨 (Joy/Happiness)
be mesmerized,존경/감탄 (Admiration/Gratitude)
be moved,존경/감탄 (Admiration/Gratitude)
be nauseated,혐오/경멸 (Disgust/Contempt)
be nervous,두려움/불안 (Fear/Anxiety)
be outraged,분노/짜증 (Anger/Irritation)
be perplexed,놀라움/당황 (Surprise/Bewilderment)
be pleased,존경/감탄 (Admiration/Gratitude)
be pricked,수치/죄책감 (Shame/Guilt)
be proud,자부심/자신감 (Pride/Confidence)
be puzzled,놀라움/당황 (Surprise/Bewilderment)
be raged,분노/짜증 (Anger/Irritation)
be relieved,평온/안정 (Calm/Comfort)
be reluctant,중립/인지 (Neutral/Cognitive)
be sad,슬픔/비탄 (Sadness/Grief)
be satisfied,존경/감탄 (Admiration/Gratitude)
be scared,두려움/불안 (Fear/Anxiety)
be shaken,두려움/불안 (Fear/Anxiety)
be shocked,놀라움/당황 (Surprise/Bewilderment)
be short-tempered,분노/짜증 (Anger/Irritation)
be sickened,혐오/경멸 (Disgust/Contempt)
be sorrowful,슬픔/비탄 (Sadness/Grief)
be stabbed,놀라움/당황 (Surprise/Bewilderment)
be stable,평온/안정 (Calm/Comfort)
be staggered,놀라움/당황 (Surprise/Bewilderment)
be stolen,놀라움/당황 (Surprise/Bewilderment)
be strained,두려움/불안 (Fear/Anxiety)
be surprised,놀라움/당황 (Surprise/Bewilderment)
be terrified,두려움/불안 (Fear/Anxiety)
be tightened,두려움/불안 (Fear/Anxiety)
be touched,존경/감탄 (Admiration/Gratitude)
be unsettled,두려움/불안 (Fear/Anxiety)
be weary,슬픔/비탄 (Sadness/Grief)
be wistful,갈망/그리움 (Desire/Longing)
be withered,슬픔/비탄 (Sadness/Grief)
bear,중립/인지 (Neutral/Cognitive)
beautiful,기쁨 (Joy/Happiness)
beauty,기쁨 (Joy/Happiness)
begrudge,분노/짜증 (Anger/Irritation)
being affected,중립/인지 (Neutral/Cognitive)
being moved,존경/감탄 (Admiration/Gratitude)
being pricked,수치/죄책감 (Shame/Guilt)
being reassured,존경/감탄 (Admiration/Gratitude)
being stabbed,놀라움/당황 (Surprise/Bewilderment)
being touched,존경/감탄 (Admiration/Gratitude)
being upset,슬픔/비탄 (Sadness/Grief)
beloved,사랑/애정 (Love/Affection)
beloving,사랑/애정 (Love/Affection)
bemoan,슬픔/비탄 (Sadness/Grief)
benevolent,사랑/애정 (Love/Affection)
best,기쁨 (Joy/Happiness)
bewail,슬픔/비탄 (Sadness/Grief)
bewailment,슬픔/비탄 (Sadness/Grief)
bewildered,놀라움/당황 (Surprise/Bewilderment)
bewildering,놀라움/당황 (Surprise/Bewilderment)
bewilderment,놀라움/당황 (Surprise/Bewilderment)
bitter,슬픔/비탄 (Sadness/Grief)
bitterness,슬픔/비탄 (Sadness/Grief)
bittersweet,슬픔/비탄 (Sadness/Grief)
bittersweetness,슬픔/비탄 (Sadness/Grief)
blame,수치/죄책감 (Shame/Guilt)
blank,중립/인지 (Neutral/Cognitive)
blankness,중립/인지 (Neutral/Cognitive)
blasé,중립/인지 (Neutral/Cognitive)
bliss,기쁨 (Joy/Happiness)
bloated,중립/인지 (Neutral/Cognitive)
bloatedness,중립/인지 (Neutral/Cognitive)
blue,슬픔/비탄 (Sadness/Grief)
boastful,자부심/자신감 (Pride/Confidence)
bold,자부심/자신감 (Pride/Confidence)
bored,혐오/경멸 (Disgust/Contempt)
boredom,혐오/경멸 (Disgust/Contempt)
boring,혐오/경멸 (Disgust/Contempt)
boringness,혐오/경멸 (Disgust/Contempt)
bother,분노/짜증 (Anger/Irritation)
bothering,분노/짜증 (Anger/Irritation)
brave,자부심/자신감 (Pride/Confidence)
bravery,자부심/자신감 (Pride/Confidence)
breathless,중립/인지 (Neutral/Cognitive)
breeziness,기쁨 (Joy/Happiness)
breezy,기쁨 (Joy/Happiness)
bright,기쁨 (Joy/Happiness)
broken-hearted,슬픔/비탄 (Sadness/Grief)
bummed,슬픔/비탄 (Sadness/Grief)
burden,슬픔/비탄 (Sadness/Grief)
burdened,슬픔/비탄 (Sadness/Grief)
calculating,중립/인지 (Neutral/Cognitive)
calculation,중립/인지 (Neutral/Cognitive)
calm,평온/안정 (Calm/Comfort)
calmness,평온/안정 (Calm/Comfort)
captive,존경/감탄 (Admiration/Gratitude)
care,사랑/애정 (Love/Affection)
cared,사랑/애정 (Love/Affection)
carefree,자부심/자신감 (Pride/Confidence)
careful,중립/인지 (Neutral/Cognitive)
caring,사랑/애정 (Love/Affection)
cautious,두려움/불안 (Fear/Anxiety)
celebrate,기쁨 (Joy/Happiness)
celebrating,기쁨 (Joy/Happiness)
celebration,기쁨 (Joy/Happiness)
certain,자부심/자신감 (Pride/Confidence)
chagrin,수치/죄책감 (Shame/Guilt)
challenged,중립/인지 (Neutral/Cognitive)
challenging,중립/인지 (Neutral/Cognitive)
charitable,사랑/애정 (Love/Affection)
charm,사랑/애정 (Love/Affection)
charmed,사랑/애정 (Love/Affection)
cheated,수치/죄책감 (Shame/Guilt)
cheer,기쁨 (Joy/Happiness)
cheered,기쁨 (Joy/Happiness)
cheerful,기쁨 (Joy/Happiness)
cheerfulness,기쁨 (Joy/Happiness)
cheerless,슬픔/비탄 (Sadness/Grief)
cheerlessness,슬픔/비탄 (Sadness/Grief)
cheesy,혐오/경멸 (Disgust/Contempt)
cherish,사랑/애정 (Love/Affection)
cherishing,사랑/애정 (Love/Affection)
chiliness,중립/인지 (Neutral/Cognitive)
chilliness,중립/인지 (Neutral/Cognitive)
chilly,중립/인지 (Neutral/Cognitive)
cliché,혐오/경멸 (Disgust/Contempt)
cliché-ridden,혐오/경멸 (Disgust/Contempt)
close,사랑/애정 (Love/Affection)
clueless,중립/인지 (Neutral/Cognitive)
cocky,자부심/자신감 (Pride/Confidence)
cold,혐오/경멸 (Disgust/Contempt)
cold-blooded,혐오/경멸 (Disgust/Contempt)
cold-bloodedness,혐오/경멸 (Disgust/Contempt)
cold-hearted,혐오/경멸 (Disgust/Contempt)
cold-heartedness,혐오/경멸 (Disgust/Contempt)
comfort,사랑/애정 (Love/Affection)
comfortable,사랑/애정 (Love/Affection)
comforted,사랑/애정 (Love/Affection)
commiserating,사랑/애정 (Love/Affection)
commiseration,사랑/애정 (Love/Affection)
commune,사랑/애정 (Love/Affection)
communion,사랑/애정 (Love/Affection)
compassion,사랑/애정 (Love/Affection)
compassionate,사랑/애정 (Love/Affection)
complacency,중립/인지 (Neutral/Cognitive)
complaining,분노/짜증 (Anger/Irritation)
complaint,분노/짜증 (Anger/Irritation)
composed,평온/안정 (Calm/Comfort)
conceit,자부심/자신감 (Pride/Confidence)
conceited,자부심/자신감 (Pride/Confidence)
concentrating,중립/인지 (Neutral/Cognitive)
concentration,중립/인지 (Neutral/Cognitive)
concern,중립/인지 (Neutral/Cognitive)
condemn,혐오/경멸 (Disgust/Contempt)
condemnation,혐오/경멸 (Disgust/Contempt)
condescending,혐오/경멸 (Disgust/Contempt)
condolence,사랑/애정 (Love/Affection)
confidence,자부심/자신감 (Pride/Confidence)
confident,자부심/자신감 (Pride/Confidence)
conflict,중립/인지 (Neutral/Cognitive)
conflicted,중립/인지 (Neutral/Cognitive)
conflicting,중립/인지 (Neutral/Cognitive)
confliction,중립/인지 (Neutral/Cognitive)
confounding,중립/인지 (Neutral/Cognitive)
confrontation,중립/인지 (Neutral/Cognitive)
confrontational,중립/인지 (Neutral/Cognitive)
confronted,중립/인지 (Neutral/Cognitive)
confused,놀라움/당황 (Surprise/Bewilderment)
confusing,놀라움/당황 (Surprise/Bewilderment)
confusion,놀라움/당황 (Surprise/Bewilderment)
congratulate,존경/감탄 (Admiration/Gratitude)
congratulating,존경/감탄 (Admiration/Gratitude)
congratulation,존경/감탄 (Admiration/Gratitude)
considerate,사랑/애정 (Love/Affection)
consideration,사랑/애정 (Love/Affection)
consternate,놀라움/당황 (Surprise/Bewilderment)
consternated,놀라움/당황 (Surprise/Bewilderment)
consternation,놀라움/당황 (Surprise/Bewilderment)
contemn,혐오/경멸 (Disgust/Contempt)
contempt,혐오/경멸 (Disgust/Contempt)
contemptable,혐오/경멸 (Disgust/Contempt)
content,평온/안정 (Calm/Comfort)
contentment,평온/안정 (Calm/Comfort)
contrary,분노/짜증 (Anger/Irritation)
contrite,수치/죄책감 (Shame/Guilt)
contrition,수치/죄책감 (Shame/Guilt)
control,중립/인지 (Neutral/Cognitive)
controlled,중립/인지 (Neutral/Cognitive)
conviction,자부심/자신감 (Pride/Confidence)
convinced,자부심/자신감 (Pride/Confidence)
cool,기쁨 (Joy/Happiness)
cooperation,사랑/애정 (Love/Affection)
cooperative,사랑/애정 (Love/Affection)
courage,자부심/자신감 (Pride/Confidence)
courageous,자부심/자신감 (Pride/Confidence)
coward,두려움/불안 (Fear/Anxiety)
cowardly,두려움/불안 (Fear/Anxiety)
coziness,사랑/애정 (Love/Affection)
cozy,사랑/애정 (Love/Affection)
craft,중립/인지 (Neutral/Cognitive)
crafty,중립/인지 (Neutral/Cognitive)
crank,분노/짜증 (Anger/Irritation)
cranky,분노/짜증 (Anger/Irritation)
craving,갈망/그리움 (Desire/Longing)
creepiness,두려움/불안 (Fear/Anxiety)
creepy,두려움/불안 (Fear/Anxiety)
cringe,수치/죄책감 (Shame/Guilt)
cringey,수치/죄책감 (Shame/Guilt)
critical,중립/인지 (Neutral/Cognitive)
cross,분노/짜증 (Anger/Irritation)
cruel,혐오/경멸 (Disgust/Contempt)
cruelty,혐오/경멸 (Disgust/Contempt)
crush,중립/인지 (Neutral/Cognitive)
crushed,중립/인지 (Neutral/Cognitive)
cry,슬픔/비탄 (Sadness/Grief)
cunning,중립/인지 (Neutral/Cognitive)
curiosity,존경/감탄 (Admiration/Gratitude)
curious,존경/감탄 (Admiration/Gratitude)
cute,기쁨 (Joy/Happiness)
cuteness,기쁨 (Joy/Happiness)
danger,두려움/불안 (Fear/Anxiety)
dare,자부심/자신감 (Pride/Confidence)
daring,자부심/자신감 (Pride/Confidence)
daydream,중립/인지 (Neutral/Cognitive)
daydreaming,중립/인지 (Neutral/Cognitive)
daze,놀라움/당황 (Surprise/Bewilderment)
dazed,놀라움/당황 (Surprise/Bewilderment)
dearness,사랑/애정 (Love/Affection)
debate,중립/인지 (Neutral/Cognitive)
defense,중립/인지 (Neutral/Cognitive)
defensive,중립/인지 (Neutral/Cognitive)
definite,중립/인지 (Neutral/Cognitive)
deflated,중립/인지 (Neutral/Cognitive)
degrading,수치/죄책감 (Shame/Guilt)
dejected,슬픔/비탄 (Sadness/Grief)
dejection,슬픔/비탄 (Sadness/Grief)
delicate,중립/인지 (Neutral/Cognitive)
delight,기쁨 (Joy/Happiness)
delighted,기쁨 (Joy/Happiness)
delightful,기쁨 (Joy/Happiness)
demand,분노/짜증 (Anger/Irritation)
demanding,분노/짜증 (Anger/Irritation)
deplorable,혐오/경멸 (Disgust/Contempt)
deploration,혐오/경멸 (Disgust/Contempt)
deplore,혐오/경멸 (Disgust/Contempt)
deploring,혐오/경멸 (Disgust/Contempt)
depressed,슬픔/비탄 (Sadness/Grief)
depression,슬픔/비탄 (Sadness/Grief)
desire,갈망/그리움 (Desire/Longing)
desiring,갈망/그리움 (Desire/Longing)
despair,슬픔/비탄 (Sadness/Grief)
despairing,슬픔/비탄 (Sadness/Grief)
desperate,갈망/그리움 (Desire/Longing)
desperation,갈망/그리움 (Desire/Longing)
despicable,혐오/경멸 (Disgust/Contempt)
despise,혐오/경멸 (Disgust/Contempt)
despondency,슬픔/비탄 (Sadness/Grief)
detached,중립/인지 (Neutral/Cognitive)
detachment,중립/인지 (Neutral/Cognitive)
determination,자부심/자신감 (Pride/Confidence)
determined,자부심/자신감 (Pride/Confidence)
detest,혐오/경멸 (Disgust/Contempt)
detestable,혐오/경멸 (Disgust/Contempt)
detestation,혐오/경멸 (Disgust/Contempt)
detesting,혐오/경멸 (Disgust/Contempt)
devastated,슬픔/비탄 (Sadness/Grief)
devastation,슬픔/비탄 (Sadness/Grief)
devious,중립/인지 (Neutral/Cognitive)
devoted,사랑/애정 (Love/Affection)
devotion,사랑/애정 (Love/Affection)
dictating,중립/인지 (Neutral/Cognitive)
difficult,중립/인지 (Neutral/Cognitive)
difficulty,중립/인지 (Neutral/Cognitive)
dignified,자부심/자신감 (Pride/Confidence)
dim,중립/인지 (Neutral/Cognitive)
dimness,중립/인지 (Neutral/Cognitive)
dirtiness,혐오/경멸 (Disgust/Contempt)
dirty,혐오/경멸 (Disgust/Contempt)
disagreeable,분노/짜증 (Anger/Irritation)
disappointed,슬픔/비탄 (Sadness/Grief)
disappointing,슬픔/비탄 (Sadness/Grief)
disappointment,슬픔/비탄 (Sadness/Grief)
disapproval,중립/인지 (Neutral/Cognitive)
disapproving,중립/인지 (Neutral/Cognitive)
disbelief,중립/인지 (Neutral/Cognitive)
disbelieving,중립/인지 (Neutral/Cognitive)
discomfort,중립/인지 (Neutral/Cognitive)
discomforting,중립/인지 (Neutral/Cognitive)
disconcerted,중립/인지 (Neutral/Cognitive)
discontent,분노/짜증 (Anger/Irritation)
discontented,분노/짜증 (Anger/Irritation)
discouraged,슬픔/비탄 (Sadness/Grief)
discouragement,슬픔/비탄 (Sadness/Grief)
discouraging,슬픔/비탄 (Sadness/Grief)
disdain,혐오/경멸 (Disgust/Contempt)
disenchantment,중립/인지 (Neutral/Cognitive)
disgrace,혐오/경멸 (Disgust/Contempt)
disgraced,혐오/경멸 (Disgust/Contempt)
disgraceful,혐오/경멸 (Disgust/Contempt)
disgust,혐오/경멸 (Disgust/Contempt)
disgusting,혐오/경멸 (Disgust/Contempt)
disharmony,혐오/경멸 (Disgust/Contempt)
disheartened,슬픔/비탄 (Sadness/Grief)
disheartenment,슬픔/비탄 (Sadness/Grief)
disillusionment,중립/인지 (Neutral/Cognitive)
disinterest,중립/인지 (Neutral/Cognitive)
disinterested,중립/인지 (Neutral/Cognitive)
dislike,혐오/경멸 (Disgust/Contempt)
dismal,슬픔/비탄 (Sadness/Grief)
dismay,중립/인지 (Neutral/Cognitive)
dismayed,중립/인지 (Neutral/Cognitive)
dispirited,슬픔/비탄 (Sadness/Grief)
displeased,분노/짜증 (Anger/Irritation)
displeasure,분노/짜증 (Anger/Irritation)
disregard,중립/인지 (Neutral/Cognitive)
disrespect,혐오/경멸 (Disgust/Contempt)
disrespectful,혐오/경멸 (Disgust/Contempt)
dissatisfaction,분노/짜증 (Anger/Irritation)
dissatisfatory,분노/짜증 (Anger/Irritation)
dissatisfied,분노/짜증 (Anger/Irritation)
distant,중립/인지 (Neutral/Cognitive)
distaste,혐오/경멸 (Disgust/Contempt)
distasteful,혐오/경멸 (Disgust/Contempt)
distracted,중립/인지 (Neutral/Cognitive)
distraction,중립/인지 (Neutral/Cognitive)
distress,슬픔/비탄 (Sadness/Grief)
distressed,슬픔/비탄 (Sadness/Grief)
distressful,슬픔/비탄 (Sadness/Grief)
distrust,중립/인지 (Neutral/Cognitive)
distrustful,중립/인지 (Neutral/Cognitive)
disturbance,중립/인지 (Neutral/Cognitive)
disturbed,중립/인지 (Neutral/Cognitive)
dizziness,중립/인지 (Neutral/Cognitive)
dizzy,중립/인지 (Neutral/Cognitive)
dogged,자부심/자신감 (Pride/Confidence)
dominated,중립/인지 (Neutral/Cognitive)
doubt,중립/인지 (Neutral/Cognitive)
doubtful,중립/인지 (Neutral/Cognitive)
down,슬픔/비탄 (Sadness/Grief)
downhearted,슬픔/비탄 (Sadness/Grief)
dramatic,놀라움/당황 (Surprise/Bewilderment)
dread,두려움/불안 (Fear/Anxiety)
dreamy,중립/인지 (Neutral/Cognitive)
dreariness,슬픔/비탄 (Sadness/Grief)
dreary,슬픔/비탄 (Sadness/Grief)
dull,혐오/경멸 (Disgust/Contempt)
dullness,혐오/경멸 (Disgust/Contempt)
dumbfounded,놀라움/당황 (Surprise/Bewilderment)
dumbstruck,놀라움/당황 (Surprise/Bewilderment)
eager,기쁨 (Joy/Happiness)
eagerness,기쁨 (Joy/Happiness)
earnest,갈망/그리움 (Desire/Longing)
ease,평온/안정 (Calm/Comfort)
easiness,평온/안정 (Calm/Comfort)
easy,평온/안정 (Calm/Comfort)
easy-going,평온/안정 (Calm/Comfort)
ecstacy,기쁨 (Joy/Happiness)
ecstasy,기쁨 (Joy/Happiness)
ecstatic,기쁨 (Joy/Happiness)
ego,자부심/자신감 (Pride/Confidence)
elated,기쁨 (Joy/Happiness)
elation,기쁨 (Joy/Happiness)
electrification,기쁨 (Joy/Happiness)
electrified,기쁨 (Joy/Happiness)
electrifying,기쁨 (Joy/Happiness)
elegant,기쁨 (Joy/Happiness)
embarrassed,수치/죄책감 (Shame/Guilt)
embarrassing,수치/죄책감 (Shame/Guilt)
embarrassment,수치/죄책감 (Shame/Guilt)
embittered,중립/인지 (Neutral/Cognitive)
emotional,중립/인지 (Neutral/Cognitive)
empathize,사랑/애정 (Love/Affection)
empathy,사랑/애정 (Love/Affection)
emptiness,슬픔/비탄 (Sadness/Grief)
empty,슬픔/비탄 (Sadness/Grief)
emulate,자부심/자신감 (Pride/Confidence)
enamored,사랑/애정 (Love/Affection)
encouragement,존경/감탄 (Admiration/Gratitude)
endure,중립/인지 (Neutral/Cognitive)
energetic,자부심/자신감 (Pride/Confidence)
energy,자부심/자신감 (Pride/Confidence)
engrossing,존경/감탄 (Admiration/Gratitude)
enjoy,기쁨 (Joy/Happiness)
enjoyable,기쁨 (Joy/Happiness)
enjoyment,기쁨 (Joy/Happiness)
enlighten,자부심/자신감 (Pride/Confidence)
enlightenment,자부심/자신감 (Pride/Confidence)
enraged,분노/짜증 (Anger/Irritation)
enragement,분노/짜증 (Anger/Irritation)
enraptured,존경/감탄 (Admiration/Gratitude)
enthusiasm,자부심/자신감 (Pride/Confidence)
enthusiastic,자부심/자신감 (Pride/Confidence)
entice,갈망/그리움 (Desire/Longing)
envious,중립/인지 (Neutral/Cognitive)
envy,중립/인지 (Neutral/Cognitive)
esteem,존경/감탄 (Admiration/Gratitude)
euphoria,존경/감탄 (Admiration/Gratitude)
euphoric,존경/감탄 (Admiration/Gratitude)
evident,중립/인지 (Neutral/Cognitive)
evil,혐오/경멸 (Disgust/Contempt)
exaltation,기쁨 (Joy/Happiness)
exalted,기쁨 (Joy/Happiness)
excited,기쁨 (Joy/Happiness)
excitement,기쁨 (Joy/Happiness)
exciting,기쁨 (Joy/Happiness)
exhilarated,기쁨 (Joy/Happiness)
exhilaration,기쁨 (Joy/Happiness)
expect,갈망/그리움 (Desire/Longing)
expectation,갈망/그리움 (Desire/Longing)
exquisite,기쁨 (Joy/Happiness)
exquisiteness,기쁨 (Joy/Happiness)
exultant,기쁨 (Joy/Happiness)
exultation,기쁨 (Joy/Happiness)
failure,슬픔/비탄 (Sadness/Grief)
faint,두려움/불안 (Fear/Anxiety)
fainting,두려움/불안 (Fear/Anxiety)
faith,존경/감탄 (Admiration/Gratitude)
fall for,사랑/애정 (Love/Affection)
familiar,평온/안정 (Calm/Comfort)
fanatic,자부심/자신감 (Pride/Confidence)
fantastic,기쁨 (Joy/Happiness)
far-fetched,중립/인지 (Neutral/Cognitive)
fascinated,존경/감탄 (Admiration/Gratitude)
fascination,존경/감탄 (Admiration/Gratitude)
fatigue,슬픔/비탄 (Sadness/Grief)
favor,존경/감탄 (Admiration/Gratitude)
fear,두려움/불안 (Fear/Anxiety)
fearful,두려움/불안 (Fear/Anxiety)
fearfulness,두려움/불안 (Fear/Anxiety)
feel,중립/인지 (Neutral/Cognitive)
feeling full,중립/인지 (Neutral/Cognitive)
feeling of alienation,슬픔/비탄 (Sadness/Grief)
feeling of being left out,슬픔/비탄 (Sadness/Grief)
feeling of isolation,슬픔/비탄 (Sadness/Grief)
feeling of loss,슬픔/비탄 (Sadness/Grief)
feeling of vacancy,슬픔/비탄 (Sadness/Grief)
fervent,갈망/그리움 (Desire/Longing)
fidelity,존경/감탄 (Admiration/Gratitude)
fierce,자부심/자신감 (Pride/Confidence)
fine,기쁨 (Joy/Happiness)
firing,중립/인지 (Neutral/Cognitive)
flabbergasted,놀라움/당황 (Surprise/Bewilderment)
flabberghast,놀라움/당황 (Surprise/Bewilderment)
flattered,존경/감탄 (Admiration/Gratitude)
flattery,존경/감탄 (Admiration/Gratitude)
flavourless,혐오/경멸 (Disgust/Contempt)
flavourlessness,혐오/경멸 (Disgust/Contempt)
flush,중립/인지 (Neutral/Cognitive)
fluster,놀라움/당황 (Surprise/Bewilderment)
flustered,놀라움/당황 (Surprise/Bewilderment)
flutter,중립/인지 (Neutral/Cognitive)
fluttering,중립/인지 (Neutral/Cognitive)
focus,중립/인지 (Neutral/Cognitive)
focused,중립/인지 (Neutral/Cognitive)
fond,사랑/애정 (Love/Affection)
fool,중립/인지 (Neutral/Cognitive)
foolish,중립/인지 (Neutral/Cognitive)
forbidding,두려움/불안 (Fear/Anxiety)
forceful,자부심/자신감 (Pride/Confidence)
forgive,사랑/애정 (Love/Affection)
forgiveness,사랑/애정 (Love/Affection)
forgiving,사랑/애정 (Love/Affection)
forlorn,슬픔/비탄 (Sadness/Grief)
forlornness,슬픔/비탄 (Sadness/Grief)
fragrance,사랑/애정 (Love/Affection)
fragrant,사랑/애정 (Love/Affection)
frail,중립/인지 (Neutral/Cognitive)
frantic,두려움/불안 (Fear/Anxiety)
free,기쁨 (Joy/Happiness)
fresh,기쁨 (Joy/Happiness)
fret,두려움/불안 (Fear/Anxiety)
fretful,두려움/불안 (Fear/Anxiety)
fretted,두려움/불안 (Fear/Anxiety)
friend,사랑/애정 (Love/Affection)
friendly,사랑/애정 (Love/Affection)
fright,두려움/불안 (Fear/Anxiety)
frightened,두려움/불안 (Fear/Anxiety)
frightening,두려움/불안 (Fear/Anxiety)
frustrated,분노/짜증 (Anger/Irritation)
frustration,분노/짜증 (Anger/Irritation)
full,중립/인지 (Neutral/Cognitive)
fultter,중립/인지 (Neutral/Cognitive)
fume,분노/짜증 (Anger/Irritation)
fun,기쁨 (Joy/Happiness)
funny,기쁨 (Joy/Happiness)
furious,분노/짜증 (Anger/Irritation)
fury,분노/짜증 (Anger/Irritation)
fuss,분노/짜증 (Anger/Irritation)
gaiety,기쁨 (Joy/Happiness)
gaunt,중립/인지 (Neutral/Cognitive)
generosity,사랑/애정 (Love/Affection)
generous,사랑/애정 (Love/Affection)
gentle,사랑/애정 (Love/Affection)
genuine,사랑/애정 (Love/Affection)
giddiness,기쁨 (Joy/Happiness)
giddy,기쁨 (Joy/Happiness)
give,사랑/애정 (Love/Affection)
giving,사랑/애정 (Love/Affection)
glad,기쁨 (Joy/Happiness)
glee,기쁨 (Joy/Happiness)
gloom,슬픔/비탄 (Sadness/Grief)
gloominess,슬픔/비탄 (Sadness/Grief)
gloomy,슬픔/비탄 (Sadness/Grief)
glorification,기쁨 (Joy/Happiness)
glorify,기쁨 (Joy/Happiness)
glorifying,기쁨 (Joy/Happiness)
glorious,기쁨 (Joy/Happiness)
glum,슬픔/비탄 (Sadness/Grief)
good,기쁨 (Joy/Happiness)
goodness,기쁨 (Joy/Happiness)
goodwill,사랑/애정 (Love/Affection)
grace,사랑/애정 (Love/Affection)
grateful,존경/감탄 (Admiration/Gratitude)
grave,중립/인지 (Neutral/Cognitive)
great,기쁨 (Joy/Happiness)
greatness,기쁨 (Joy/Happiness)
greed,중립/인지 (Neutral/Cognitive)
grief,슬픔/비탄 (Sadness/Grief)
grief-stricken,슬픔/비탄 (Sadness/Grief)
grieve,슬픔/비탄 (Sadness/Grief)
grim,슬픔/비탄 (Sadness/Grief)
gripping,존경/감탄 (Admiration/Gratitude)
grouch,분노/짜증 (Anger/Irritation)
grouchy,분노/짜증 (Anger/Irritation)
grudge,분노/짜증 (Anger/Irritation)
gruesome,혐오/경멸 (Disgust/Contempt)
grump,분노/짜증 (Anger/Irritation)
grumpy,분노/짜증 (Anger/Irritation)
guilt,수치/죄책감 (Shame/Guilt)
guiltiness,수치/죄책감 (Shame/Guilt)
guilty,수치/죄책감 (Shame/Guilt)
hackneyed,혐오/경멸 (Disgust/Contempt)
happiness,기쁨 (Joy/Happiness)
happy,기쁨 (Joy/Happiness)
hard,슬픔/비탄 (Sadness/Grief)
harsh,혐오/경멸 (Disgust/Contempt)
harshness,혐오/경멸 (Disgust/Contempt)
hassle,분노/짜증 (Anger/Irritation)
hassled,분노/짜증 (Anger/Irritation)
hate,분노/짜증 (Anger/Irritation)
hatred,분노/짜증 (Anger/Irritation)
heartache,슬픔/비탄 (Sadness/Grief)
heartbreaking,슬픔/비탄 (Sadness/Grief)
heartbroken,슬픔/비탄 (Sadness/Grief)
heated,분노/짜증 (Anger/Irritation)
heavy-hearted,슬픔/비탄 (Sadness/Grief)
helpful,사랑/애정 (Love/Affection)
helpless,슬픔/비탄 (Sadness/Grief)
helplessness,슬픔/비탄 (Sadness/Grief)
hesitancy,중립/인지 (Neutral/Cognitive)
hesitate,중립/인지 (Neutral/Cognitive)
hollow,슬픔/비탄 (Sadness/Grief)
homesick,슬픔/비탄 (Sadness/Grief)
honest,사랑/애정 (Love/Affection)
honesty,사랑/애정 (Love/Affection)
honorable,사랑/애정 (Love/Affection)
hope,갈망/그리움 (Desire/Longing)
hopeful,갈망/그리움 (Desire/Longing)
hopeless,슬픔/비탄 (Sadness/Grief)
hopelessess,슬픔/비탄 (Sadness/Grief)
hopelessness,슬픔/비탄 (Sadness/Grief)
horrible,두려움/불안 (Fear/Anxiety)
horrid,두려움/불안 (Fear/Anxiety)
horrified,두려움/불안 (Fear/Anxiety)
horrifying,두려움/불안 (Fear/Anxiety)
horror,두려움/불안 (Fear/Anxiety)
hostility,분노/짜증 (Anger/Irritation)
hot,중립/인지 (Neutral/Cognitive)
humiliated,수치/죄책감 (Shame/Guilt)
humiliating,수치/죄책감 (Shame/Guilt)
humiliation,수치/죄책감 (Shame/Guilt)
humor,기쁨 (Joy/Happiness)
humored,기쁨 (Joy/Happiness)
humorous,기쁨 (Joy/Happiness)
hurried,중립/인지 (Neutral/Cognitive)
hurry,중립/인지 (Neutral/Cognitive)
hurt,슬픔/비탄 (Sadness/Grief)
idiot,중립/인지 (Neutral/Cognitive)
ignorance,중립/인지 (Neutral/Cognitive)
ignore,중립/인지 (Neutral/Cognitive)
ignored,중립/인지 (Neutral/Cognitive)
ill-feeling,분노/짜증 (Anger/Irritation)
impassive,중립/인지 (Neutral/Cognitive)
impatience,분노/짜증 (Anger/Irritation)
impatient,분노/짜증 (Anger/Irritation)
impressed,존경/감탄 (Admiration/Gratitude)
impressive,존경/감탄 (Admiration/Gratitude)
impressiveness,존경/감탄 (Admiration/Gratitude)
incompetent,중립/인지 (Neutral/Cognitive)
indignant,분노/짜증 (Anger/Irritation)
indignation,분노/짜증 (Anger/Irritation)
infuriated,분노/짜증 (Anger/Irritation)
infuriation,분노/짜증 (Anger/Irritation)
injured,슬픔/비탄 (Sadness/Grief)
innocence,자부심/자신감 (Pride/Confidence)
innocent,자부심/자신감 (Pride/Confidence)
insipid,혐오/경멸 (Disgust/Contempt)
insipidity,혐오/경멸 (Disgust/Contempt)
inspiration,존경/감탄 (Admiration/Gratitude)
inspired,존경/감탄 (Admiration/Gratitude)
insult,혐오/경멸 (Disgust/Contempt)
insulting,혐오/경멸 (Disgust/Contempt)
intense,자부심/자신감 (Pride/Confidence)
interest,존경/감탄 (Admiration/Gratitude)
interested,존경/감탄 (Admiration/Gratitude)
interesting,존경/감탄 (Admiration/Gratitude)
intimacy,사랑/애정 (Love/Affection)
intimate,사랑/애정 (Love/Affection)
intimidated,두려움/불안 (Fear/Anxiety)
intimidation,두려움/불안 (Fear/Anxiety)
intimidatory,두려움/불안 (Fear/Anxiety)
involved,자부심/자신감 (Pride/Confidence)
involvement,자부심/자신감 (Pride/Confidence)
irate,분노/짜증 (Anger/Irritation)
ire,분노/짜증 (Anger/Irritation)
irk,분노/짜증 (Anger/Irritation)
irking,분노/짜증 (Anger/Irritation)
irritated,분노/짜증 (Anger/Irritation)
irritating,분노/짜증 (Anger/Irritation)
irritation,분노/짜증 (Anger/Irritation)
jar,놀라움/당황 (Surprise/Bewilderment)
jarring,놀라움/당황 (Surprise/Bewilderment)
jealous,중립/인지 (Neutral/Cognitive)
jealousy,중립/인지 (Neutral/Cognitive)
joke,기쁨 (Joy/Happiness)
joking,기쁨 (Joy/Happiness)
jolly,기쁨 (Joy/Happiness)
joy,기쁨 (Joy/Happiness)
joyful,기쁨 (Joy/Happiness)
joyless,슬픔/비탄 (Sadness/Grief)
jubilant,기쁨 (Joy/Happiness)
jubilation,기쁨 (Joy/Happiness)
judging,중립/인지 (Neutral/Cognitive)
jumpy,두려움/불안 (Fear/Anxiety)
keen,자부심/자신감 (Pride/Confidence)
kind,사랑/애정 (Love/Affection)
kindness,사랑/애정 (Love/Affection)
knowing,중립/인지 (Neutral/Cognitive)
lame,혐오/경멸 (Disgust/Contempt)
lament,슬픔/비탄 (Sadness/Grief)
lamentable,슬픔/비탄 (Sadness/Grief)
lamentation,슬픔/비탄 (Sadness/Grief)
laughable,기쁨 (Joy/Happiness)
laziness,중립/인지 (Neutral/Cognitive)
lazy,중립/인지 (Neutral/Cognitive)
lethargic,중립/인지 (Neutral/Cognitive)
lethargy,중립/인지 (Neutral/Cognitive)
liberated,기쁨 (Joy/Happiness)
lie,혐오/경멸 (Disgust/Contempt)
lighthearted,기쁨 (Joy/Happiness)
liked,사랑/애정 (Love/Affection)
liking,사랑/애정 (Love/Affection)
listening,중립/인지 (Neutral/Cognitive)
liveliness,기쁨 (Joy/Happiness)
lively,기쁨 (Joy/Happiness)
loathe,혐오/경멸 (Disgust/Contempt)
loathing,혐오/경멸 (Disgust/Contempt)
loneliness,슬픔/비탄 (Sadness/Grief)
lonely,슬픔/비탄 (Sadness/Grief)
lonesome,슬픔/비탄 (Sadness/Grief)
lonesomeness,슬픔/비탄 (Sadness/Grief)
long,갈망/그리움 (Desire/Longing)
longing,갈망/그리움 (Desire/Longing)
lost,슬픔/비탄 (Sadness/Grief)
love,사랑/애정 (Love/Affection)
loveliness,사랑/애정 (Love/Affection)
lovely,사랑/애정 (Love/Affection)
lovesick,사랑/애정 (Love/Affection)
loving,사랑/애정 (Love/Affection)
low,슬픔/비탄 (Sadness/Grief)
loyal,존경/감탄 (Admiration/Gratitude)
loyalty,존경/감탄 (Admiration/Gratitude)
luck,기쁨 (Joy/Happiness)
lukewarm,중립/인지 (Neutral/Cognitive)
lust,갈망/그리움 (Desire/Longing)
lying,혐오/경멸 (Disgust/Contempt)
mad,분노/짜증 (Anger/Irritation)
marvel,기쁨 (Joy/Happiness)
marvelous,기쁨 (Joy/Happiness)
mean,혐오/경멸 (Disgust/Contempt)
melancholy,슬픔/비탄 (Sadness/Grief)
mellow,평온/안정 (Calm/Comfort)
merciful,사랑/애정 (Love/Affection)
merciless,혐오/경멸 (Disgust/Contempt)
mercilessness,혐오/경멸 (Disgust/Contempt)
mercy,사랑/애정 (Love/Affection)
merriment,기쁨 (Joy/Happiness)
merry,기쁨 (Joy/Happiness)
mesmerization,존경/감탄 (Admiration/Gratitude)
messiness,혐오/경멸 (Disgust/Contempt)
messy,혐오/경멸 (Disgust/Contempt)
mind,중립/인지 (Neutral/Cognitive)
mischievous,중립/인지 (Neutral/Cognitive)
miserable,슬픔/비탄 (Sadness/Grief)
misery,슬픔/비탄 (Sadness/Grief)
misjudged,중립/인지 (Neutral/Cognitive)
miss,슬픔/비탄 (Sadness/Grief)
missing,슬픔/비탄 (Sadness/Grief)
mistreated,슬픔/비탄 (Sadness/Grief)
misunderstood,슬픔/비탄 (Sadness/Grief)
mixed,중립/인지 (Neutral/Cognitive)
mockery,혐오/경멸 (Disgust/Contempt)
mocking,혐오/경멸 (Disgust/Contempt)
modest,사랑/애정 (Love/Affection)
moist,중립/인지 (Neutral/Cognitive)
mood,중립/인지 (Neutral/Cognitive)
moody,중립/인지 (Neutral/Cognitive)
mortification,수치/죄책감 (Shame/Guilt)
mortified,수치/죄책감 (Shame/Guilt)
mourn,슬픔/비탄 (Sadness/Grief)
mournful,슬픔/비탄 (Sadness/Grief)
mournfulness,슬픔/비탄 (Sadness/Grief)
mourning,슬픔/비탄 (Sadness/Grief)
moved,슬픔/비탄 (Sadness/Grief)
moving,슬픔/비탄 (Sadness/Grief)
murder,혐오/경멸 (Disgust/Contempt)
murderous,혐오/경멸 (Disgust/Contempt)
mystified,놀라움/당황 (Surprise/Bewilderment)
nasty,혐오/경멸 (Disgust/Contempt)
nauseated,혐오/경멸 (Disgust/Contempt)
need,갈망/그리움 (Desire/Longing)
needed,갈망/그리움 (Desire/Longing)
needy,갈망/그리움 (Desire/Longing)
neglect,중립/인지 (Neutral/Cognitive)
neglected,중립/인지 (Neutral/Cognitive)
nervous,두려움/불안 (Fear/Anxiety)
nervousness,두려움/불안 (Fear/Anxiety)
new,중립/인지 (Neutral/Cognitive)
nice,기쁨 (Joy/Happiness)
nostalgia,갈망/그리움 (Desire/Longing)
nosy,중립/인지 (Neutral/Cognitive)
nuisance,분노/짜증 (Anger/Irritation)
numb,중립/인지 (Neutral/Cognitive)
numbness,중립/인지 (Neutral/Cognitive)
obedience,중립/인지 (Neutral/Cognitive)
obsessed,갈망/그리움 (Desire/Longing)
obsession,갈망/그리움 (Desire/Longing)
obvious,중립/인지 (Neutral/Cognitive)
odd,놀라움/당황 (Surprise/Bewilderment)
oddness,놀라움/당황 (Surprise/Bewilderment)
offended,중립/인지 (Neutral/Cognitive)
opposition,분노/짜증 (Anger/Irritation)
outrage,분노/짜증 (Anger/Irritation)
outraged,분노/짜증 (Anger/Irritation)
overawe,두려움/불안 (Fear/Anxiety)
overawed,두려움/불안 (Fear/Anxiety)
overjoyed,기쁨 (Joy/Happiness)
overpowered,두려움/불안 (Fear/Anxiety)
overpowering,두려움/불안 (Fear/Anxiety)
overwhelm,두려움/불안 (Fear/Anxiety)
overwhelmed,두려움/불안 (Fear/Anxiety)
overwhelming,두려움/불안 (Fear/Anxiety)
pain,슬픔/비탄 (Sadness/Grief)
painful,슬픔/비탄 (Sadness/Grief)
painstaking,갈망/그리움 (Desire/Longing)
pale,중립/인지 (Neutral/Cognitive)
paleness,중립/인지 (Neutral/Cognitive)
palpitating,중립/인지 (Neutral/Cognitive)
panic,두려움/불안 (Fear/Anxiety)
passion,갈망/그리움 (Desire/Longing)
passionate,갈망/그리움 (Desire/Longing)
pathetic,슬픔/비탄 (Sadness/Grief)
peace,평온/안정 (Calm/Comfort)
peaceful,평온/안정 (Calm/Comfort)
peculiar,놀라움/당황 (Surprise/Bewilderment)
peculiarity,놀라움/당황 (Surprise/Bewilderment)
penitence,수치/죄책감 (Shame/Guilt)
penitent,수치/죄책감 (Shame/Guilt)
perplexing,놀라움/당황 (Surprise/Bewilderment)
pesky,분노/짜증 (Anger/Irritation)
pessimism,중립/인지 (Neutral/Cognitive)
petrified,두려움/불안 (Fear/Anxiety)
petulance,분노/짜증 (Anger/Irritation)
piteous,슬픔/비탄 (Sadness/Grief)
piteousness,슬픔/비탄 (Sadness/Grief)
pitiful,슬픔/비탄 (Sadness/Grief)
pitifulness,슬픔/비탄 (Sadness/Grief)
pitpat,중립/인지 (Neutral/Cognitive)
pity,슬픔/비탄 (Sadness/Grief)
placid,평온/안정 (Calm/Comfort)
placidity,평온/안정 (Calm/Comfort)
pleasant,기쁨 (Joy/Happiness)
pleased,기쁨 (Joy/Happiness)
pleasure,기쁨 (Joy/Happiness)
plentiful,기쁨 (Joy/Happiness)
praise,존경/감탄 (Admiration/Gratitude)
praiseworthy,존경/감탄 (Admiration/Gratitude)
pray,갈망/그리움 (Desire/Longing)
prayer,갈망/그리움 (Desire/Longing)
precious,존경/감탄 (Admiration/Gratitude)
preciousness,존경/감탄 (Admiration/Gratitude)
prefer,존경/감탄 (Admiration/Gratitude)
preference,존경/감탄 (Admiration/Gratitude)
prettiness,기쁨 (Joy/Happiness)
pretty,기쁨 (Joy/Happiness)
pricked,수치/죄책감 (Shame/Guilt)
pride,자부심/자신감 (Pride/Confidence)
protective,자부심/자신감 (Pride/Confidence)
proud,자부심/자신감 (Pride/Confidence)
proudness,자부심/자신감 (Pride/Confidence)
prudent,중립/인지 (Neutral/Cognitive)
pure,자부심/자신감 (Pride/Confidence)
push,중립/인지 (Neutral/Cognitive)
puzzled,놀라움/당황 (Surprise/Bewilderment)
puzzlement,놀라움/당황 (Surprise/Bewilderment)
puzzling,놀라움/당황 (Surprise/Bewilderment)
quail,두려움/불안 (Fear/Anxiety)
questionable,중립/인지 (Neutral/Cognitive)
questioning,중립/인지 (Neutral/Cognitive)
rage,분노/짜증 (Anger/Irritation)
raged,분노/짜증 (Anger/Irritation)
rapture,존경/감탄 (Admiration/Gratitude)
raptured,존경/감탄 (Admiration/Gratitude)
reassured,평온/안정 (Calm/Comfort)
rebelliousness,분노/짜증 (Anger/Irritation)
rebuke,혐오/경멸 (Disgust/Contempt)
reflect,중립/인지 (Neutral/Cognitive)
reflection,중립/인지 (Neutral/Cognitive)
refreshed,기쁨 (Joy/Happiness)
refreshing,기쁨 (Joy/Happiness)
refreshingness,기쁨 (Joy/Happiness)
refusal,중립/인지 (Neutral/Cognitive)
regret,수치/죄책감 (Shame/Guilt)
regretful,수치/죄책감 (Shame/Guilt)
rejected,중립/인지 (Neutral/Cognitive)
rejoice,기쁨 (Joy/Happiness)
rejoiced,기쁨 (Joy/Happiness)
relaxed,평온/안정 (Calm/Comfort)
relief,평온/안정 (Calm/Comfort)
relieved,평온/안정 (Calm/Comfort)
relinquishment,중립/인지 (Neutral/Cognitive)
relish,중립/인지 (Neutral/Cognitive)
reluctance,중립/인지 (Neutral/Cognitive)
reluctant,중립/인지 (Neutral/Cognitive)
relunctance,중립/인지 (Neutral/Cognitive)
remorse,수치/죄책감 (Shame/Guilt)
remorseful,수치/죄책감 (Shame/Guilt)
repent,수치/죄책감 (Shame/Guilt)
repentance,수치/죄책감 (Shame/Guilt)
repentant,수치/죄책감 (Shame/Guilt)
reprimand,혐오/경멸 (Disgust/Contempt)
reproach,혐오/경멸 (Disgust/Contempt)
repugnance,혐오/경멸 (Disgust/Contempt)
repugnant,혐오/경멸 (Disgust/Contempt)
repulsed,혐오/경멸 (Disgust/Contempt)
repulsive,혐오/경멸 (Disgust/Contempt)
resent,분노/짜증 (Anger/Irritation)
resentful,분노/짜증 (Anger/Irritation)
resentment,분노/짜증 (Anger/Irritation)
resign,중립/인지 (Neutral/Cognitive)
resignation,중립/인지 (Neutral/Cognitive)
resist,중립/인지 (Neutral/Cognitive)
resolute,자부심/자신감 (Pride/Confidence)
resoluteness,자부심/자신감 (Pride/Confidence)
resolution,자부심/자신감 (Pride/Confidence)
respect,존경/감탄 (Admiration/Gratitude)
responsible,존경/감탄 (Admiration/Gratitude)
restless,분노/짜증 (Anger/Irritation)
restlessness,분노/짜증 (Anger/Irritation)
revere,존경/감탄 (Admiration/Gratitude)
reverence,존경/감탄 (Admiration/Gratitude)
revolting,혐오/경멸 (Disgust/Contempt)
revulsion,혐오/경멸 (Disgust/Contempt)
rewarding,기쁨 (Joy/Happiness)
ridiculous,혐오/경멸 (Disgust/Contempt)
ridiculousness,혐오/경멸 (Disgust/Contempt)
rigor,중립/인지 (Neutral/Cognitive)
romance,사랑/애정 (Love/Affection)
romantic,사랑/애정 (Love/Affection)
sad,슬픔/비탄 (Sadness/Grief)
sadness,슬픔/비탄 (Sadness/Grief)
safe,평온/안정 (Calm/Comfort)
sag,슬픔/비탄 (Sadness/Grief)
satisfaction,평온/안정 (Calm/Comfort)
satisfied,평온/안정 (Calm/Comfort)
save,평온/안정 (Calm/Comfort)
saving,평온/안정 (Calm/Comfort)
scared,두려움/불안 (Fear/Anxiety)
scariness,두려움/불안 (Fear/Anxiety)
scary,두려움/불안 (Fear/Anxiety)
scruple,중립/인지 (Neutral/Cognitive)
scrupulous,중립/인지 (Neutral/Cognitive)
secure,평온/안정 (Calm/Comfort)
self-compassion,사랑/애정 (Love/Affection)
self-confidence,자부심/자신감 (Pride/Confidence)
self-confident,자부심/자신감 (Pride/Confidence)
self-esteem,자부심/자신감 (Pride/Confidence)
self-hatred,수치/죄책감 (Shame/Guilt)
self-pity,수치/죄책감 (Shame/Guilt)
self-pitying,수치/죄책감 (Shame/Guilt)
sense of achievement,자부심/자신감 (Pride/Confidence)
sense of betrayal,수치/죄책감 (Shame/Guilt)
sense of closeness,사랑/애정 (Love/Affection)
sense of defeat,수치/죄책감 (Shame/Guilt)
sense of freedom,자부심/자신감 (Pride/Confidence)
sense of guilt,수치/죄책감 (Shame/Guilt)
sense of incompatibility,중립/인지 (Neutral/Cognitive)
sense of inferiority,중립/인지 (Neutral/Cognitive)
sense of insult,수치/죄책감 (Shame/Guilt)
sense of loyalty,존경/감탄 (Admiration/Gratitude)
sense of pressure,갈망/그리움 (Desire/Longing)
sensitive,중립/인지 (Neutral/Cognitive)
sensitivity,중립/인지 (Neutral/Cognitive)
sentiment,중립/인지 (Neutral/Cognitive)
sentimental,중립/인지 (Neutral/Cognitive)
serene,평온/안정 (Calm/Comfort)
serenity,평온/안정 (Calm/Comfort)
serious,중립/인지 (Neutral/Cognitive)
settled,평온/안정 (Calm/Comfort)
sexy,기쁨 (Joy/Happiness)
shaken,두려움/불안 (Fear/Anxiety)
shame,수치/죄책감 (Shame/Guilt)
shameful,수치/죄책감 (Shame/Guilt)
shameless,혐오/경멸 (Disgust/Contempt)
shamelessness,혐오/경멸 (Disgust/Contempt)
sheepish,수치/죄책감 (Shame/Guilt)
sheepishness,수치/죄책감 (Shame/Guilt)
shocked,놀라움/당황 (Surprise/Bewilderment)
shocking,놀라움/당황 (Surprise/Bewilderment)
shook-up,놀라움/당황 (Surprise/Bewilderment)
shudder,두려움/불안 (Fear/Anxiety)
shuddering,두려움/불안 (Fear/Anxiety)
shun,중립/인지 (Neutral/Cognitive)
shy,수치/죄책감 (Shame/Guilt)
shyness,수치/죄책감 (Shame/Guilt)
sick-at-heart,두려움/불안 (Fear/Anxiety)
sickened,혐오/경멸 (Disgust/Contempt)
sickening,혐오/경멸 (Disgust/Contempt)
significant,중립/인지 (Neutral/Cognitive)
sincere,사랑/애정 (Love/Affection)
sleepiness,중립/인지 (Neutral/Cognitive)
small,중립/인지 (Neutral/Cognitive)
smoothness,평온/안정 (Calm/Comfort)
smuggness,자부심/자신감 (Pride/Confidence)
sneaky,중립/인지 (Neutral/Cognitive)
snort,혐오/경멸 (Disgust/Contempt)
sob,슬픔/비탄 (Sadness/Grief)
soft,사랑/애정 (Love/Affection)
solemn,중립/인지 (Neutral/Cognitive)
solemnity,중립/인지 (Neutral/Cognitive)
solitary,슬픔/비탄 (Sadness/Grief)
solitude,슬픔/비탄 (Sadness/Grief)
somber,슬픔/비탄 (Sadness/Grief)
sore,슬픔/비탄 (Sadness/Grief)
soreness,슬픔/비탄 (Sadness/Grief)
sorriness,슬픔/비탄 (Sadness/Grief)
sorrow,슬픔/비탄 (Sadness/Grief)
sorrowful,슬픔/비탄 (Sadness/Grief)
sorry,슬픔/비탄 (Sadness/Grief)
special,기쁨 (Joy/Happiness)
spiteful,분노/짜증 (Anger/Irritation)
spitefulness,분노/짜증 (Anger/Irritation)
splendid,기쁨 (Joy/Happiness)
spookiness,두려움/불안 (Fear/Anxiety)
spooky,두려움/불안 (Fear/Anxiety)
stableness,평온/안정 (Calm/Comfort)
staggered,놀라움/당황 (Surprise/Bewilderment)
startled,놀라움/당황 (Surprise/Bewilderment)
still,평온/안정 (Calm/Comfort)
sting,슬픔/비탄 (Sadness/Grief)
stinging,슬픔/비탄 (Sadness/Grief)
strain,분노/짜증 (Anger/Irritation)
strained,분노/짜증 (Anger/Irritation)
strange,놀라움/당황 (Surprise/Bewilderment)
stress,분노/짜증 (Anger/Irritation)
strive,자부심/자신감 (Pride/Confidence)
stuffiness,중립/인지 (Neutral/Cognitive)
stuffy,중립/인지 (Neutral/Cognitive)
stupid,중립/인지 (Neutral/Cognitive)
stupidity,중립/인지 (Neutral/Cognitive)
sublime,기쁨 (Joy/Happiness)
success,기쁨 (Joy/Happiness)
suffer,슬픔/비탄 (Sadness/Grief)
suffering,슬픔/비탄 (Sadness/Grief)
sulkiness,분노/짜증 (Anger/Irritation)
sulky,분노/짜증 (Anger/Irritation)
sullen,분노/짜증 (Anger/Irritation)
sullenness,분노/짜증 (Anger/Irritation)
sure,중립/인지 (Neutral/Cognitive)
surprise,놀라움/당황 (Surprise/Bewilderment)
surprised,놀라움/당황 (Surprise/Bewilderment)
surprising,놀라움/당황 (Surprise/Bewilderment)
suspicion,중립/인지 (Neutral/Cognitive)
suspicious,중립/인지 (Neutral/Cognitive)
swallow,중립/인지 (Neutral/Cognitive)
sweet,기쁨 (Joy/Happiness)
sweetness,기쁨 (Joy/Happiness)
sympathetic,사랑/애정 (Love/Affection)
sympathize,사랑/애정 (Love/Affection)
sympathy,사랑/애정 (Love/Affection)
tear,슬픔/비탄 (Sadness/Grief)
tearful,슬픔/비탄 (Sadness/Grief)
tease,중립/인지 (Neutral/Cognitive)
teasing,중립/인지 (Neutral/Cognitive)
tedious,혐오/경멸 (Disgust/Contempt)
tediousness,혐오/경멸 (Disgust/Contempt)
tempted,갈망/그리움 (Desire/Longing)
tender,사랑/애정 (Love/Affection)
tenderness,사랑/애정 (Love/Affection)
tense,두려움/불안 (Fear/Anxiety)
tension,두려움/불안 (Fear/Anxiety)
tepid,중립/인지 (Neutral/Cognitive)
terrified,두려움/불안 (Fear/Anxiety)
terrifying,두려움/불안 (Fear/Anxiety)
terror,두려움/불안 (Fear/Anxiety)
thankful,존경/감탄 (Admiration/Gratitude)
thankfulness,존경/감탄 (Admiration/Gratitude)
think,중립/인지 (Neutral/Cognitive)
thinking,중립/인지 (Neutral/Cognitive)
thought,중립/인지 (Neutral/Cognitive)
thoughtful,중립/인지 (Neutral/Cognitive)
thoughtfulness,중립/인지 (Neutral/Cognitive)
threatening,두려움/불안 (Fear/Anxiety)
thrill,기쁨 (Joy/Happiness)
thrilling,기쁨 (Joy/Happiness)
thunderstruck,놀라움/당황 (Surprise/Bewilderment)
ticklish,중립/인지 (Neutral/Cognitive)
tightened,두려움/불안 (Fear/Anxiety)
tightness,두려움/불안 (Fear/Anxiety)
timid,두려움/불안 (Fear/Anxiety)
timidity,두려움/불안 (Fear/Anxiety)
tingle,기쁨 (Joy/Happiness)
tingling,기쁨 (Joy/Happiness)
tired,슬픔/비탄 (Sadness/Grief)
tiredness,슬픔/비탄 (Sadness/Grief)
tiresome,혐오/경멸 (Disgust/Contempt)
titilation,기쁨 (Joy/Happiness)
torment,슬픔/비탄 (Sadness/Grief)
tormented,슬픔/비탄 (Sadness/Grief)
touched,사랑/애정 (Love/Affection)
touching,사랑/애정 (Love/Affection)
tough,슬픔/비탄 (Sadness/Grief)
tragic,슬픔/비탄 (Sadness/Grief)
tragicality,슬픔/비탄 (Sadness/Grief)
tranquil,평온/안정 (Calm/Comfort)
tranquility,평온/안정 (Calm/Comfort)
trapped,두려움/불안 (Fear/Anxiety)
treasure,사랑/애정 (Love/Affection)
trite,혐오/경멸 (Disgust/Contempt)
triteness,혐오/경멸 (Disgust/Contempt)
triumph,기쁨 (Joy/Happiness)
triumphant,기쁨 (Joy/Happiness)
trivial,혐오/경멸 (Disgust/Contempt)
trouble,슬픔/비탄 (Sadness/Grief)
troubled,슬픔/비탄 (Sadness/Grief)
troublesome,슬픔/비탄 (Sadness/Grief)
trust,존경/감탄 (Admiration/Gratitude)
trusting,존경/감탄 (Admiration/Gratitude)
tumult,두려움/불안 (Fear/Anxiety)
tumultuous,두려움/불안 (Fear/Anxiety)
turbulence,두려움/불안 (Fear/Anxiety)
turbulent,두려움/불안 (Fear/Anxiety)
turn sulky,분노/짜증 (Anger/Irritation)
uncaring,혐오/경멸 (Disgust/Contempt)
uncertain,두려움/불안 (Fear/Anxiety)
uncomfortable,두려움/불안 (Fear/Anxiety)
uncomfortableness,두려움/불안 (Fear/Anxiety)
understanding,사랑/애정 (Love/Affection)
unease,두려움/불안 (Fear/Anxiety)
uneasiness,두려움/불안 (Fear/Anxiety)
uneasy,두려움/불안 (Fear/Anxiety)
unfamiliar,놀라움/당황 (Surprise/Bewilderment)
unfamiliarity,놀라움/당황 (Surprise/Bewilderment)
unfortunate,슬픔/비탄 (Sadness/Grief)
unfriendly,혐오/경멸 (Disgust/Contempt)
unhappiness,슬픔/비탄 (Sadness/Grief)
unhappy,슬픔/비탄 (Sadness/Grief)
uninterested,혐오/경멸 (Disgust/Contempt)
unpleasant,분노/짜증 (Anger/Irritation)
unpleasantness,분노/짜증 (Anger/Irritation)
unrest,분노/짜증 (Anger/Irritation)
unsatisfaction,분노/짜증 (Anger/Irritation)
unsatisfied,분노/짜증 (Anger/Irritation)
unsatisfying,분노/짜증 (Anger/Irritation)
unsettled,두려움/불안 (Fear/Anxiety)
unsure,두려움/불안 (Fear/Anxiety)
untruth,혐오/경멸 (Disgust/Contempt)
uphill,슬픔/비탄 (Sadness/Grief)
upset,분노/짜증 (Anger/Irritation)
upsetness,분노/짜증 (Anger/Irritation)
upsetting,분노/짜증 (Anger/Irritation)
uptight,분노/짜증 (Anger/Irritation)
useless,혐오/경멸 (Disgust/Contempt)
vacant,중립/인지 (Neutral/Cognitive)
vague,중립/인지 (Neutral/Cognitive)
vagueness,중립/인지 (Neutral/Cognitive)
vain,자부심/자신감 (Pride/Confidence)
valuable,존경/감탄 (Admiration/Gratitude)
value,존경/감탄 (Admiration/Gratitude)
vexation,분노/짜증 (Anger/Irritation)
victory,기쁨 (Joy/Happiness)
vigor,기쁨 (Joy/Happiness)
vigorous,기쁨 (Joy/Happiness)
villification,혐오/경멸 (Disgust/Contempt)
vitality,기쁨 (Joy/Happiness)
vivid,기쁨 (Joy/Happiness)
void,슬픔/비탄 (Sadness/Grief)
wail,슬픔/비탄 (Sadness/Grief)
wailing,슬픔/비탄 (Sadness/Grief)
want,갈망/그리움 (Desire/Longing)
wanted,갈망/그리움 (Desire/Longing)
wanting,갈망/그리움 (Desire/Longing)
warm,사랑/애정 (Love/Affection)
warmth,사랑/애정 (Love/Affection)
watchful,중립/인지 (Neutral/Cognitive)
weariness,슬픔/비탄 (Sadness/Grief)
wearisome,슬픔/비탄 (Sadness/Grief)
weary,슬픔/비탄 (Sadness/Grief)
weepy,슬픔/비탄 (Sadness/Grief)
welcome,기쁨 (Joy/Happiness)
welcoming,기쁨 (Joy/Happiness)
whining,분노/짜증 (Anger/Irritation)
wise,중립/인지 (Neutral/Cognitive)
wish,갈망/그리움 (Desire/Longing)
wishful,갈망/그리움 (Desire/Longing)
wishfulness,갈망/그리움 (Desire/Longing)
wistful,갈망/그리움 (Desire/Longing)
wistfulness,갈망/그리움 (Desire/Longing)
woeful,슬픔/비탄 (Sadness/Grief)
wonder,존경/감탄 (Admiration/Gratitude)
wonderful,기쁨 (Joy/Happiness)
wondering,존경/감탄 (Admiration/Gratitude)
worried,두려움/불안 (Fear/Anxiety)
worry,두려움/불안 (Fear/Anxiety)
worrying,두려움/불안 (Fear/Anxiety)
worship,존경/감탄 (Admiration/Gratitude)
worst,혐오/경멸 (Disgust/Contempt)
worth,존경/감탄 (Admiration/Gratitude)
worthless,혐오/경멸 (Disgust/Contempt)
worthwhile,존경/감탄 (Admiration/Gratitude)
worthy,존경/감탄 (Admiration/Gratitude)
wrench,혐오/경멸 (Disgust/Contempt)
wretched,슬픔/비탄 (Sadness/Grief)
yearn,갈망/그리움 (Desire/Longing)
yearning,갈망/그리움 (Desire/Longing)
